ID,Data,Hora,Usuario,Acao,Tabela,Registro_ID,Detalhes,IP
1F02CFB8,11/05/2026,08:40:41,Diana Plácido,VALIDAR_PDFS,usuarios.csv,Diana Plácido,Validou 3 PDFs,
AB562378,11/05/2026,08:40:44,Diana Plácido,ACEITAR_PRECO_HORA,usuarios.csv,Diana Plácido,Aceitou €16.0/hora,
CCFEFE66,11/05/2026,08:42:15,Diana Plácido,COMPLETAR_PERFIL_ONBOARDING,usuarios.csv,Diana Plácido,Perfil preenchido no onboarding,
31A44DBC,11/05/2026,08:44:31,Diana Plácido,REGISTAR_PONTO,registos.csv,CE6282AF,9.0h em Basf (08:00-17:00),
3DD0ACEE,11/05/2026,08:45:18,Diana Plácido,REGISTAR_PONTO,registos.csv,1A0AFD13,4.0h em Sonae Mangualde (08:00-12:00),
7434566D,11/05/2026,08:45:39,Diana Plácido,REGISTAR_PONTO,registos.csv,71B8C719,4.0h em Basf (08:00-12:00),
DD822154,11/05/2026,08:45:40,Diana Plácido,REGISTAR_PONTO,registos.csv,4DFF0356,4.0h em Basf (13:00-17:00),
AB39BD6C,11/05/2026,08:48:50,Admin,APROVAR_HORAS,registos.csv,,Aprovadas 9.0h de Shayan Shafie em Basf,
B64C7BEA,11/05/2026,08:48:50,Admin,APROVAR_HORAS,registos.csv,,Aprovadas 9.0h de Shayan Shafie em Basf,
6A5D60ED,11/05/2026,08:48:51,Admin,APROVAR_HORAS,registos.csv,,Aprovadas 9.0h de Shayan Shafie em Basf,
58A9DB6D,11/05/2026,08:48:52,Admin,APROVAR_HORAS,registos.csv,,Aprovadas 9.0h de Cesar Flor em Basf,
133A8F2F,11/05/2026,08:48:52,Admin,APROVAR_HORAS,registos.csv,,Aprovadas 9.0h de Cesar Flor em Basf,
BE954033,11/05/2026,08:48:53,Admin,APROVAR_HORAS,registos.csv,,Aprovadas 8.0h de Shayan Shafie em Sonae Mangualde,
56361A53,11/05/2026,08:48:54,Admin,APROVAR_HORAS,registos.csv,,Aprovadas 9.0h de Cesar Flor em Basf,
8CB7837A,11/05/2026,08:48:54,Admin,APROVAR_HORAS,registos.csv,,Aprovadas 4.0h de Alexandre Reis em Basf,
8EA62D01,11/05/2026,08:48:55,Admin,APROVAR_HORAS,registos.csv,,Aprovadas 4.0h de Alexandre Reis em Basf,
F094409F,11/05/2026,08:48:55,Admin,APROVAR_HORAS,registos.csv,582F6CC3,Aprovadas 4.0h de Alexandre Reis em Basf,
D03D7AC0,11/05/2026,08:48:56,Admin,APROVAR_HORAS,registos.csv,CE6282AF,Aprovadas 9.0h de Diana Plácido em Basf,
13C0FCF5,11/05/2026,08:48:57,Admin,APROVAR_HORAS,registos.csv,1A0AFD13,Aprovadas 4.0h de Diana Plácido em Sonae Mangualde,
36716DA1,11/05/2026,08:48:58,Admin,APROVAR_HORAS,registos.csv,4DFF0356,Aprovadas 4.0h de Diana Plácido em Basf,
8659EA71,11/05/2026,14:47:38,Admin,UPLOAD_TEMPLATE_CONTRATO,GCS,contrato_template.docx,Template do contrato atualizado,
CEEF9E57,11/05/2026,15:31:59,Admin,CRIAR_COLABORADOR,usuarios.csv,CC5EC0D2,Criado: Cleudir Rodrigues (Técnico / Técnico Eletricista),
00500E7D,11/05/2026,15:35:55,Cleudir Rodrigues,VALIDAR_PDFS,usuarios.csv,Cleudir Rodrigues,Validou 3 PDFs,
4A6E323E,11/05/2026,15:36:08,Cleudir Rodrigues,ACEITAR_PRECO_HORA,usuarios.csv,Cleudir Rodrigues,Aceitou €15.0/hora,
FBE7875D,11/05/2026,15:38:33,Cleudir Rodrigues,COMPLETAR_PERFIL_ONBOARDING,usuarios.csv,Cleudir Rodrigues,Perfil preenchido no onboarding,
59A431A8,11/05/2026,15:38:56,Cleudir Rodrigues,UPLOAD_IBAN,usuarios.csv,Cleudir Rodrigues,Comprovativo IBAN uploaded,
2E54CACC,11/05/2026,15:41:06,Cleudir Rodrigues,REGISTAR_PONTO,registos.csv,D0341F54,4.0h em Sines (08:00-12:00),
3E7CB1C1,11/05/2026,15:41:07,Cleudir Rodrigues,REGISTAR_PONTO,registos.csv,699D95D4,4.0h em Sines (13:00-17:00),
69621DFB,11/05/2026,15:56:25,Admin,GERAR_CONTRATO,usuarios.csv,CC5EC0D2,Contrato gerado para Cleudir Rodrigues,
0910575A,12/05/2026,08:40:54,Cleudir Rodrigues,SUBMETER_CONTRATO,usuarios.csv,Cleudir Rodrigues,Contrato assinado submetido,
780AF223,12/05/2026,08:51:37,Admin,VALIDAR_CONTRATO,usuarios.csv,CC5EC0D2,Contrato validado para Cleudir Rodrigues,
28552668,12/05/2026,13:32:47,Admin,APROVAR_FERRAMENTA,req_ferramentas.csv,RF0D918605,Ferramenta aprovada,
A5BD2434,12/05/2026,13:48:49,Admin,VALIDACAO1_HORAS,registos.csv,batch_1,1ª validação de 1 registos,
A922254E,12/05/2026,13:49:04,Admin,VALIDACAO2_HORAS,registos.csv,batch_21,2ª validação de 21 registos — 148h30m,
36AF7C16,12/05/2026,13:56:44,Cleudir Rodrigues,REGISTAR_PONTO,registos.csv,587BF44E,4.0h em Sines (08:00-12:00),
CF890BC3,12/05/2026,13:56:45,Cleudir Rodrigues,REGISTAR_PONTO,registos.csv,A24304BA,3.5h em Sines (13:30-17:00),
C5B59548,12/05/2026,13:56:45,Cleudir Rodrigues,REGISTAR_PONTO,registos.csv,7E2F8079,2.0h em Sines (18:00-20:00),
8B84719D,12/05/2026,13:58:16,Cleudir Rodrigues,REGISTAR_PONTO,registos.csv,96DFA43F,5.0h em Sines (07:00-12:00),
B654ECC7,12/05/2026,13:58:17,Cleudir Rodrigues,REGISTAR_PONTO,registos.csv,A92D1383,4.0h em Sines (13:00-17:00),
8AA794D3,12/05/2026,14:04:18,Admin,VALIDACAO2_HORAS,registos.csv,batch_2,2ª validação de 2 registos — 6h00m,
27BED660,12/05/2026,14:05:11,Admin,PROCESSAR_PAGAMENTO,registos.csv,Sines_20260512,Obra: Sines · 3 registos. Inconformes: 0. Justificação: Conferido sem inconformidades,
E58ADF60,12/05/2026,14:05:56,Admin,PROCESSAR_PAGAMENTO,registos.csv,Basf_20260512,Obra: Basf · 18 registos. Inconformes: 0. Justificação: Conferido sem inconformidades,
0F063068,14/05/2026,14:44:32,Cleudir Rodrigues,REGISTAR_PONTO,registos.csv,1BBD2CF2,8.0h em Basf,
F891BDBC,14/05/2026,14:44:33,Cleudir Rodrigues,REGISTAR_PONTO,registos.csv,A7C5E4BA,8.0h em Basf,
10C73607,14/05/2026,15:22:01,Admin,CONCEDER_ACESSO_OBRA,acessos_obras.csv,7260E5AD,Alexandre Reis | Basf | Área Geral | até 14/05/2027,
A6B0F383,14/05/2026,16:48:37,Cleudir Rodrigues,REGISTAR_PONTO,registos.csv,CC2107CE,8.0h em Sonae Mangualde,
2331557F,14/05/2026,16:48:37,Cleudir Rodrigues,REGISTAR_PONTO,registos.csv,FF4AB613,8.0h em Sonae Mangualde,
A5D305F6,14/05/2026,18:54:18,Cleudir Rodrigues,REGISTAR_PONTO,registos.csv,6FB9C8A1,9.0h em Basf,
3032FB84,15/05/2026,10:57:31,Admin,CRIAR_COLABORADOR,usuarios.csv,D3EA3551,Criado: Jorge Oliveira (Chefe de Equipa / Chefe de Equipa),
27003730,15/05/2026,10:59:48,Jorge Oliveira,VALIDAR_PDFS,usuarios.csv,Jorge Oliveira,Validou 3 PDFs,
29370D31,15/05/2026,10:59:57,Jorge Oliveira,ACEITAR_PRECO_HORA,usuarios.csv,Jorge Oliveira,Aceitou €16.0/hora,
59F181F6,15/05/2026,11:03:01,Jorge Oliveira,COMPLETAR_PERFIL_ONBOARDING,usuarios.csv,Jorge Oliveira,Perfil preenchido no onboarding,
F4A46E19,15/05/2026,11:04:07,Jorge Oliveira,UPLOAD_IBAN,usuarios.csv,Jorge Oliveira,Comprovativo IBAN uploaded,
74F94A98,15/05/2026,11:04:08,Jorge Oliveira,UPLOAD_IBAN,usuarios.csv,Jorge Oliveira,Comprovativo IBAN uploaded,
8F566413,15/05/2026,11:07:22,Jorge Oliveira,EDITAR_PERFIL,usuarios.csv,Jorge Oliveira,Perfil atualizado via mod_perfil,
D95B8093,15/05/2026,11:07:29,Jorge Oliveira,EDITAR_PERFIL,usuarios.csv,Jorge Oliveira,Perfil atualizado via mod_perfil,
D7A03077,15/05/2026,12:34:13,Jorge Oliveira,COMPLETAR_PERFIL_ONBOARDING,usuarios.csv,Jorge Oliveira,Perfil preenchido no onboarding,
79EF0A11,15/05/2026,12:42:49,Jorge Oliveira,UPLOAD_IBAN,usuarios.csv,Jorge Oliveira,Comprovativo IBAN uploaded,
2AE466EF,15/05/2026,14:39:51,Jorge Oliveira,ASSINAR_FOLHA_PONTO,folhas_ponto.csv,122D468D,Folha assinada: Tiago Silva | Basf,
5B74C06B,15/05/2026,16:05:06,Jorge Oliveira,REGISTAR_PONTO_CHEFE,registos.csv,D9F5211B,9.0h em Basf,
04227FD0,22/05/2026,10:31:10,Admin,VALIDACAO2_HORAS,registos.csv,batch_6,2ª validação de 6 registos — 21h00m,
6260E729,22/05/2026,10:36:48,Admin,FICHA_RH,colaboradores_rh.csv,Alexandre Reis,Salário: €870.0,
3A40407B,22/05/2026,11:37:26,Admin,PROCESSAR_PAGAMENTO,registos.csv,Basf_20260522,Obra: Basf · 18 registos. Inconformes: 0. Justificação: Conferido sem inconformidades,
EB50F6E0,22/05/2026,14:56:00,Admin,LISTA_NEGRA,usuarios.csv,Alexandre Reis,Lista negra: Faltas consecutivas,
F41792A8,22/05/2026,15:46:06,Admin,CRIAR_COLABORADOR,usuarios.csv,1F6595F4,Criado: Adriana Pinto (Técnico / Técnico Eletricista),
11710F02,22/05/2026,16:05:17,Admin,GERAR_CONTRATO,usuarios.csv,,Contrato gerado para Diana Plácido,
19BC579F,22/05/2026,16:10:09,Admin,VALIDAR_CONTRATO,usuarios.csv,,Contrato validado para Diana Plácido,
639C35E2,26/05/2026,10:54:12,Admin,VALIDACAO2_HORAS,registos.csv,batch_10,2ª validação de 10 registos — 48h30m,
59336706,26/05/2026,16:37:51,Admin,PROCESSAR_PAGAMENTO,registos.csv,Basf_20260526,Obra: Basf · 8 registos. Inconformes: 0. Justificação: Conferido sem inconformidades,
39E46A44,26/05/2026,16:38:04,Admin,PROCESSAR_PAGAMENTO,registos.csv,Basf_20260526,Obra: Basf · 8 registos. Inconformes: 0. Justificação: Conferido sem inconformidades,
BB85F73A,29/05/2026,10:07:56,Admin,VALIDACAO1_HORAS,registos.csv,batch_2,1ª validação de 2 registos,
17A80E53,01/06/2026,09:03:20,Admin,VALIDACAO2_HORAS,registos.csv,batch_3,2ª validação de 3 registos — 13h30m,
27956DBD,01/06/2026,09:03:35,Admin,VALIDACAO2_HORAS,registos.csv,batch_3,2ª validação de 3 registos — 13h30m,
8C3C79F0,01/06/2026,19:41:49,Admin,ALTERAR_FUNCAO,usuarios.csv,Diana Plácido,"Tipo=Admin, Cargo=Outro",
7416BA82,01/06/2026,19:42:57,Admin,ALTERAR_FUNCAO,usuarios.csv,Adriana Pinto,"Tipo=Admin, Cargo=Outro",
2B058361,05/06/2026,10:14:30,Admin,REMOVER_COLABORADOR,usuarios.csv,Alexandre Reis,Removido permanentemente pelo Admin,
150BE13F,05/06/2026,10:15:00,Admin,REMOVER_COLABORADOR,usuarios.csv,Shayan Shafie,Removido permanentemente pelo Admin,
A5E05737,05/06/2026,10:24:19,Admin,REMOVER_COLABORADOR,usuarios.csv,Zon,Removido permanentemente pelo Admin,
67AD18E4,05/06/2026,10:24:40,Admin,REMOVER_COLABORADOR,usuarios.csv,Zon,Removido permanentemente pelo Admin,
411A2882,05/06/2026,10:25:31,Admin,REMOVER_COLABORADOR,usuarios.csv,Carlos Silva,Removido permanentemente pelo Admin,
D880E3B3,05/06/2026,10:34:55,Admin,ALTERAR_FUNCAO,usuarios.csv,Helder Placido,"Tipo=Admin, Cargo=Instrumentista",
B0B1C5D8,05/06/2026,13:38:22,Admin,REMOVER_COLABORADOR,usuarios.csv,Zon,Removido permanentemente pelo Admin,
D918F7C9,05/06/2026,13:40:05,Admin,PROCESSAR_PAGAMENTO,registos.csv,Basf_20260605,Obra: Basf · 4 registos. Inconformes: 0. Justificação: Conferido sem inconformidades,
12C898D9,05/06/2026,14:25:40,Admin,REMOVER_COLABORADOR,usuarios.csv,Rafael Santos,Removido permanentemente pelo Admin,
3AB9C6A9,05/06/2026,14:26:11,Admin,REMOVER_COLABORADOR,usuarios.csv,Renato Santos,Removido permanentemente pelo Admin,
74D1623F,05/06/2026,14:26:41,Admin,REMOVER_COLABORADOR,usuarios.csv,Tiago Silva,Removido permanentemente pelo Admin,
8CB733AD,05/06/2026,14:27:32,Admin,REMOVER_COLABORADOR,usuarios.csv,Cesar Flor,Removido permanentemente pelo Admin,
885AFA3E,05/06/2026,14:28:08,Admin,REMOVER_COLABORADOR,usuarios.csv,Cleudir Rodrigues,Removido permanentemente pelo Admin,
D2ADECCE,05/06/2026,14:28:46,Admin,REMOVER_COLABORADOR,usuarios.csv,Carlos Silva,Removido permanentemente pelo Admin,
0A651966,05/06/2026,14:29:45,Admin,REMOVER_COLABORADOR,usuarios.csv,Helder Placido,Removido permanentemente pelo Admin,
81EC1B8B,05/06/2026,14:41:17,Admin,REMOVER_COLABORADOR,usuarios.csv,Diana Plácido,Removido permanentemente pelo Admin,
62374D90,05/06/2026,14:42:35,Admin,REMOVER_COLABORADOR,usuarios.csv,Adriana Pinto,Removido permanentemente pelo Admin,
6282694E,05/06/2026,14:52:13,Admin,CRIAR_COLABORADOR,usuarios.csv,DBA56547,Criado: Hélder Plácido (Admin / Administrador),
584CCB82,05/06/2026,14:53:57,Admin,CRIAR_COLABORADOR,usuarios.csv,D5FBC114,Criado: Diana Plácido (Admin / Administrador),
0EB0F2F7,05/06/2026,14:55:26,Admin,CRIAR_COLABORADOR,usuarios.csv,728513E0,Criado: Nuno Maia (Admin / Administrador),
9CF7E3D0,05/06/2026,14:56:27,Admin,ALTERAR_FUNCAO,usuarios.csv,Diana Plácido,"Tipo=Admin, Cargo=Outro",
BE9907E2,05/06/2026,15:01:02,Admin,CRIAR_COLABORADOR,usuarios.csv,682E5D13,Criado: Marco Santos (Admin / Administrador),
796E93CA,05/06/2026,15:02:46,Admin,REMOVER_COLABORADOR,usuarios.csv,Diogo Henriques,Removido permanentemente pelo Admin,
0681A5AC,05/06/2026,15:04:09,Admin,CRIAR_COLABORADOR,usuarios.csv,3C02BC7F,Criado: Diogo Henriques (Admin / Administrador),
63130B6F,05/06/2026,15:05:21,Admin,CRIAR_COLABORADOR,usuarios.csv,4271E139,Criado: Helena Leitão (Admin / Administrador),
83A6D36F,05/06/2026,15:06:43,Admin,CRIAR_COLABORADOR,usuarios.csv,34BDE012,Criado: Ana Carvalho (Admin / Administrador),
B1F3CD1A,05/06/2026,15:08:42,Admin,CRIAR_COLABORADOR,usuarios.csv,FAC7F566,Criado: Mauricio Figueiredo (Admin / Administrador),
DD41902C,05/06/2026,15:09:47,Admin,CRIAR_COLABORADOR,usuarios.csv,6AC0FF6F,Criado: Vera Antunes (Admin / Administrador),
2E51AB93,05/06/2026,15:11:10,Admin,CRIAR_COLABORADOR,usuarios.csv,E02A7FA2,Criado: Adriana Pinto (Admin / Administrador),
F9A646A1,05/06/2026,15:19:43,Admin,ATUALIZAR_ACESSO,acessos_obras.csv,7260E5AD,Alexandre Reis | Basf | Revogado,
64A08700,05/06/2026,15:30:57,Admin,REMOVER_COLABORADOR,usuarios.csv,Diogo Henriques,Removido permanentemente pelo Admin,
3C844AE4,05/06/2026,15:32:07,Admin,CRIAR_COLABORADOR,usuarios.csv,6E151934,Criado: Diogo Henriques (Admin / Administrador),
34D6A716,05/06/2026,15:33:47,Admin,ALTERAR_FUNCAO,usuarios.csv,Admin,"Tipo=Admin, Cargo=Outro",
095360C9,05/06/2026,15:33:57,Admin,ALTERAR_FUNCAO,usuarios.csv,Admin,"Tipo=Admin, Cargo=Outro",
09403707,08/06/2026,21:32:14,Diana Plácido,CRIAR_COLABORADOR,usuarios.csv,BEF9B7A4,Criado: António Jorge Peixoto Soares (Técnico / Técnico Eletricista),
9DDACE50,09/06/2026,14:28:33,Admin,IMPORTAR_ETICADATA,colaboradores_rh.csv,batch,"Importados: 127, Ignorados: 0",
8C3F4F30,09/06/2026,14:46:12,Admin,IMPORTAR_ETICADATA,colaboradores_rh.csv,batch,"Importados: 0, Ignorados: 127",
72AE641E,09/06/2026,15:53:35,Admin,IMPORTAR_ETICADATA,colaboradores_rh.csv+usuarios.csv,batch,"Actualizados: 10, Novos: 117, Campos: 72",
A313297C,09/06/2026,16:06:34,Admin,IMPORTAR_ETICADATA,colaboradores_rh.csv+usuarios.csv,batch,"Actualizados: 127, Novos: 0, Campos: 4336",
6DCF7605,09/06/2026,16:06:38,Admin,IMPORTAR_ETICADATA,colaboradores_rh.csv+usuarios.csv,batch,"Actualizados: 127, Novos: 0, Campos: 4336",
286F22DF,09/06/2026,16:07:57,Admin,IMPORTAR_ETICADATA,colaboradores_rh.csv+usuarios.csv,batch,"Actualizados: 127, Novos: 0, Campos: 4336",
EFAC00AD,09/06/2026,16:33:45,Admin,IMPORTAR_ETICADATA,colaboradores_rh.csv+usuarios.csv,batch,"Actualizados: 127, Novos: 0, Campos: 4336",
4EB1BBC5,09/06/2026,16:47:21,Admin,IMPORTAR_ETICADATA,colaboradores_rh.csv+usuarios.csv,batch,"Actualizados: 127, Novos: 0, Campos: 4336",
5667C8D3,10/06/2026,15:18:10,Admin,IMPORTAR_ETICADATA,colaboradores_rh.csv+usuarios.csv,batch,"Actualizados: 127, Novos: 0, Campos: 4951",
BD1CE07E,10/06/2026,15:37:09,Admin,IMPORTAR_ETICADATA,colaboradores_rh.csv+usuarios.csv,batch,"Actualizados: 127, Novos: 0, Campos: 5080",
1FAA1B77,10/06/2026,16:23:31,Admin,IMPORTAR_ETICADATA,colaboradores_rh.csv+usuarios.csv,batch,"Actualizados: 127, Novos: 0, Campos: 5844",
0187E398,10/06/2026,16:41:51,Admin,IMPORTAR_ETICADATA,colaboradores_rh.csv+usuarios.csv,batch,"Actualizados: 127, Novos: 0, Campos: 5844",
28940489,10/06/2026,17:31:31,Admin,IMPORTAR_ETICADATA,colaboradores_rh.csv+usuarios.csv,batch,"Actualizados: 127, Novos: 0, Campos: 5844",
18C06D89,10/06/2026,19:41:46,Admin,IMPORTAR_ETICADATA,colaboradores_rh.csv+usuarios.csv,batch,"Actualizados: 127, Novos: 0, Campos: 5844",
314F557A,11/06/2026,09:31:35,Admin,IMPORTAR_ETICADATA,colaboradores_rh.csv+usuarios.csv,batch,"Actualizados: 127, Novos: 0, Campos: 5844",
ABC53278,11/06/2026,10:45:32,Admin,IMPORTAR_ETICADATA,colaboradores_rh.csv+usuarios.csv,batch,"Actualizados: 127, Novos: 0, Campos: 5844",
DBEFEF0D,11/06/2026,13:14:06,Admin,IMPORTAR_ETICADATA,colaboradores_rh.csv+usuarios.csv,batch,"Actualizados: 127, Novos: 0, Campos: 4953",
09FE16A0,11/06/2026,13:17:09,Admin,MIGRAR_SCHEMA_RH,colaboradores_rh.csv,batch,"Colunas migradas: Categoria_Profissional_Cod, Categoria_Profissional_Desc, Profissao_CPP_Cod, Profissao_CPP_Desc, IRCT_Aplicabilidade",
A59846E6,11/06/2026,13:17:55,Admin,IMPORTAR_ETICADATA,colaboradores_rh.csv+usuarios.csv,batch,"Actualizados: 127, Novos: 0, Campos: 4953",
9C5AAC41,11/06/2026,14:11:52,Admin,CRIAR_CONTACTO,com_contactos.csv,1AAC9D2E,TCPI | 📋 Indicação / Referência | Entrada,
B725998F,11/06/2026,14:14:37,Admin,CRIAR_CONTACTO,com_contactos.csv,D3939C93,TCPI | 📋 Indicação / Referência | Entrada,
61CE867B,11/06/2026,14:15:40,Admin,CRIAR_CONTACTO,com_contactos.csv,361B3D0C,TCPI | 📋 Indicação / Referência | Entrada,
6D5F59DA,11/06/2026,14:22:10,Admin,CRIAR_OPORTUNIDADE,comercial_oportunidades.csv,0218D4DC,"HVO-Galp | TCPI | €2,000,000 | Contacto: 361B3D0C",
D94A5938,11/06/2026,14:22:50,Admin,CRIAR_OPORTUNIDADE,comercial_oportunidades.csv,6FAF03E8,"HVO-Galp | TCPI | €2,000,000 | Contacto: 361B3D0C",
6504B486,11/06/2026,14:23:05,Admin,CRIAR_OPORTUNIDADE,comercial_oportunidades.csv,3184BD0F,"HVO-Galp | TCPI | €2,000,000 | Contacto: 361B3D0C",
3E7C2033,11/06/2026,14:39:34,Admin,ANGARIAR_CLIENTE,comercial_clientes.csv,B8743BC7,Tecnoprojecto Internacional - Projectos e Realizações Industriais S.A  											 | Prospecção Directa,
FC930E95,11/06/2026,15:16:08,Admin,IMPORTAR_ETICADATA,colaboradores_rh.csv+usuarios.csv,batch,"Actualizados: 127, Novos: 0, Campos: 5581",
F82532C0,11/06/2026,16:17:56,Admin,REDEFINIR_PASSWORD,usuarios.csv,Hélder Plácido,Password redefinida pelo Admin,
675E3F79,12/06/2026,06:57:23,Hélder Plácido,CRIAR_CONTACTO,com_contactos.csv,BF0CF757,Kayrós Ingenieria | 🤝 Visita Presencial | Entrada,
10B9F188,12/06/2026,06:59:44,Hélder Plácido,CRIAR_CONTACTO,com_contactos.csv,7CE70554,Kayrós Ingenieria | 🤝 Visita Presencial | Entrada,
CFE0BCB2,12/06/2026,07:00:02,Hélder Plácido,CRIAR_CONTACTO,com_contactos.csv,BC08CDCD,Kayrós Ingenieria | 🤝 Visita Presencial | Entrada,
238964A7,12/06/2026,07:01:22,Hélder Plácido,CRIAR_CONTACTO,com_contactos.csv,DBD82EA7,Kayrós Ingenieria | 🤝 Visita Presencial | Entrada,
55F3B16C,12/06/2026,07:01:40,Hélder Plácido,CRIAR_CONTACTO,com_contactos.csv,7D82A31C,Kayrós Ingenieria | 🤝 Visita Presencial | Entrada,
307EDAD3,12/06/2026,07:07:42,Hélder Plácido,CRIAR_CONTACTO,com_contactos.csv,3E801800,Kayrós Ingenieria | 🤝 Visita Presencial | Entrada,
08701965,12/06/2026,07:12:28,Hélder Plácido,ANGARIAR_CLIENTE,comercial_clientes.csv,D33BA6D5,Kayrós Ingenieria | Prospecção Directa,
3C3770F5,12/06/2026,07:16:06,Hélder Plácido,CRIAR_OPORTUNIDADE,comercial_oportunidades.csv,35890531,"Luminus - Cobra EDF | Kayrós Ingenieria | €1,000,000 | Contacto: 3E801800",
F06C82A0,12/06/2026,10:18:23,Adriana Pinto,ALTERAR_FUNCAO,usuarios.csv,Ihor Pryyomskyy,"Tipo=Chefe de Equipa, Cargo=Eletricista",
80B66E91,12/06/2026,12:01:54,Admin,MIGRAR_CLIENTES,clientes_financeiro.csv,,12 clientes migrados,
0EEBB9BD,12/06/2026,13:13:37,Hélder Plácido,CRIAR_OPORTUNIDADE,comercial_oportunidades.csv,3CC04215,"Atlantic Copper -  | Kayrós Ingenieria | €1,200,000",
AE5F8888,12/06/2026,13:19:21,Hélder Plácido,CRIAR_OPORTUNIDADE,comercial_oportunidades.csv,46F80F79,"EFuels | Tamoin SLU | €350,000",
067CD47C,12/06/2026,13:25:21,Hélder Plácido,CRIAR_CONTACTO,com_contactos.csv,DFC26D86,Elmek - Meivcore Euskadi | 📞 Telefone | Entrada,
78987C5E,12/06/2026,13:38:10,Hélder Plácido,CRIAR_OPORTUNIDADE,comercial_oportunidades.csv,E06EA067,"Infra-estruturas Diversas | Elmek - Meivcore Euskadi | €15,000 | Contacto: DFC26D86",
DC373114,12/06/2026,16:21:21,Admin,ALTERAR_FUNCAO,usuarios.csv,Vitor Dias Graca,"Tipo=Admin, Cargo=Técnico",
49AAB979,12/06/2026,16:21:24,Admin,ALTERAR_FUNCAO,usuarios.csv,Vitor Dias Graca,"Tipo=Admin, Cargo=Técnico",
24462E26,12/06/2026,16:21:26,Admin,ALTERAR_FUNCAO,usuarios.csv,Vitor Dias Graca,"Tipo=Admin, Cargo=Técnico",
B4AE3577,15/06/2026,09:24:09,Admin,IMPORTAR_FUNCAO_CATEGORIA,usuarios.csv,batch,96 colaboradores actualizados; 3 sem match; 3 campos ignorados,
43B9A1E8,15/06/2026,09:53:22,Mauricio Figueiredo,APROVAR_REQ_EPIS,req_epis.csv,7B2C21BF,Luvas | Sines,
06B69E01,15/06/2026,10:14:56,Marco Santos,CRIAR_CONTACTO,com_contactos.csv,978E99F4,Lecraj | 📧 Email | Saída,
02FF3E06,15/06/2026,10:21:28,Marco Santos,CRIAR_OPORTUNIDADE,comercial_oportunidades.csv,973A6D4A,"Lecraj - Prestação de serviços | Lecraj | €71,000",
53AC72E4,15/06/2026,10:22:39,Marco Santos,CRIAR_OPORTUNIDADE,comercial_oportunidades.csv,02DB27B8,"Lecraj - Prestação de serviços | Lecraj | €100,000 | Contacto: 978E99F4",
47D4C80E,15/06/2026,10:31:09,Marco Santos,UPLOAD_ANEXO_ORC,orcamentos.csv,285E7C42,Anexo 'Tabela Prestação de Serviços_ES.pdf' carregado,
8B8469DB,15/06/2026,10:31:09,Marco Santos,CRIAR_ORCAMENTO_ARQUIVO,orcamentos.csv,285E7C42,"Lecraj - Prestação de serviços | Nº Oferta: 20260305__00 | €100,100.00 | 1 anexo(s)",
4D32DE94,15/06/2026,10:37:59,Marco Santos,CRIAR_OBRA_ORC,obras_lista.csv,285E7C42,Obra 'Lecraj - Prestação de serviços' criada a partir do orçamento 285E7C42,
9BB71C54,15/06/2026,10:48:09,Marco Santos,CRIAR_CONTACTO,com_contactos.csv,01569F97,Geberit Produções S.A | 📧 Email | Entrada,
5BDF92B7,15/06/2026,10:57:43,Marco Santos,CRIAR_OPORTUNIDADE,comercial_oportunidades.csv,212BF1D9,"Geberit -  Cedencia de Mão de Obra  | Geberit Produções S.A | €100,000 | Contacto: 01569F97",
7671F8F9,15/06/2026,11:03:59,Marco Santos,UPLOAD_ANEXO_ORC,orcamentos.csv,D0120DA1,Anexo 'Oferta 20260206__00.pdf' carregado,
9463C620,15/06/2026,11:04:07,Marco Santos,CRIAR_ORCAMENTO_ARQUIVO,orcamentos.csv,D0120DA1,"Geberit - Cedência de Mão de Obra | Nº Oferta: 20260206__00 | €1,000,000.00 | 1 anexo(s)",
169D4069,15/06/2026,11:14:44,Marco Santos,CRIAR_CONTACTO,com_contactos.csv,A50BE642,Decofib | 📧 Email | Entrada,
18358267,15/06/2026,11:18:23,Marco Santos,CRIAR_OPORTUNIDADE,comercial_oportunidades.csv,D8EC781C,"Decofib -  Cedencia de Mão de Obra  | Decofib | €100,000 | Contacto: A50BE642",
7EDD00F3,15/06/2026,11:22:53,Marco Santos,UPLOAD_ANEXO_ORC,orcamentos.csv,462C7039,Anexo 'Oferta 20260603__00.pdf' carregado,
AD8292C8,15/06/2026,11:22:54,Marco Santos,CRIAR_ORCAMENTO_ARQUIVO,orcamentos.csv,462C7039,"Decofib - Cedência de Mão de Obra | Nº Oferta 20260603__00 | €10,000.00 | 1 anexo(s)",
EE86273D,15/06/2026,11:36:07,Marco Santos,CRIAR_CONTACTO,com_contactos.csv,4B4A2172,Matecnic | 📞 Telefone | Entrada,
4CDC215B,15/06/2026,11:39:17,Marco Santos,CRIAR_OPORTUNIDADE,comercial_oportunidades.csv,2C3F27A3,"Matecnic -  Cedencia de Mão de Obra  | Matecnic | €40,000 | Contacto: 4B4A2172",
618DF376,15/06/2026,11:40:12,Adriana Pinto,CRIAR_OBRA_ORC,obras_lista.csv,D0120DA1,Obra 'Geberit - Cedência de Mão de Obra' criada a partir do orçamento D0120DA1,
994048FB,15/06/2026,11:41:09,Adriana Pinto,CRIAR_OBRA_ORC,obras_lista.csv,462C7039,Obra 'Decofib - Cedência de Mão de Obra' criada a partir do orçamento 462C7039,
BDBA5C7C,15/06/2026,11:44:14,Adriana Pinto,CRIAR_OBRA_ORC,obras_lista.csv,D0120DA1,Obra 'Geberit - Cedência de Mão de Obra' criada a partir do orçamento D0120DA1,
3E57AF02,15/06/2026,11:45:55,Marco Santos,UPLOAD_ANEXO_ORC,orcamentos.csv,ED803D83,Anexo 'Oferta 20260409__01.pdf' carregado,
1681B619,15/06/2026,11:45:56,Marco Santos,CRIAR_ORCAMENTO_ARQUIVO,orcamentos.csv,ED803D83,"Matecnic - Cedência de Mão de Obra | Nº Oferta: 20260409__01  | €25,500.00 | 1 anexo(s)",
7CA196FD,15/06/2026,11:48:26,Adriana Pinto,ALTERAR_FUNCAO_CATEGORIA,usuarios.csv,Pablo Mauricio Fernandez,"Funcao=Eletricista, Categoria_Operacional=Chefe de Equipa",
9AE74C0F,15/06/2026,11:48:36,Adriana Pinto,ALTERAR_FUNCAO_CATEGORIA,usuarios.csv,Pablo Mauricio Fernandez,"Funcao=Eletricista, Categoria_Operacional=Chefe de Equipa",
FB6F8105,15/06/2026,11:58:07,Adriana Pinto,ALTERAR_FUNCAO_CATEGORIA,usuarios.csv,Richard Silvino Freire Parada,"Funcao=Eletricista, Categoria_Operacional=Chefe de Equipa",
C6301665,15/06/2026,11:59:29,Marco Santos,CRIAR_CONTACTO,com_contactos.csv,79AE77F1,CriticalFlow | 🤝 Visita Presencial | Entrada,
11C45B73,15/06/2026,12:02:38,Marco Santos,CRIAR_OPORTUNIDADE,comercial_oportunidades.csv,96579229,"CriticalFlow -  Cedencia de Mão de Obra  | CriticalFlow | €10,000 | Contacto: 79AE77F1",
3A40324C,15/06/2026,12:07:55,Marco Santos,UPLOAD_ANEXO_ORC,orcamentos.csv,9691399B,Anexo 'Oferta 20260603__00.pdf' carregado,
9CF25F58,15/06/2026,12:07:57,Marco Santos,CRIAR_ORCAMENTO_ARQUIVO,orcamentos.csv,9691399B,"CriticalFlow - Cedência de Mão de Obra | Nº Oferta: 20260603__00 | €3,300.00 | 1 anexo(s)",
121953CA,15/06/2026,13:12:27,Admin,ALTERAR_FUNCAO,usuarios.csv,Pablo Mauricio Fernandez,"Tipo=Admin, Cargo=Técnico",
DFC94CB5,15/06/2026,13:13:17,Admin,REDEFINIR_PASSWORD,usuarios.csv,Pablo Mauricio Fernandez,Password redefinida pelo Admin,
4D24AFCB,15/06/2026,13:13:39,Admin,REDEFINIR_PASSWORD,usuarios.csv,Pablo Mauricio Fernandez,Password redefinida pelo Admin,
F40C810F,15/06/2026,13:21:24,Adriana Pinto,UPLOAD_ANEXO_ORC,orcamentos.csv,1EC13B59,Anexo 'PA_82_82562_0_E.pdf' carregado,
A941905B,15/06/2026,13:21:25,Adriana Pinto,CRIAR_ORCAMENTO_ARQUIVO,orcamentos.csv,1EC13B59,"EFUELS - Cedência de mão de obra | Nº Oferta: 20260409_01  | €350,000.00 | 1 anexo(s)",
FD118C53,15/06/2026,13:22:41,Admin,ALTERAR_FUNCAO,usuarios.csv,Pablo Mauricio Fernandez,"Tipo=Técnico, Cargo=Técnico",
C78ED679,15/06/2026,13:26:44,Adriana Pinto,CRIAR_OBRA_ORC,obras_lista.csv,ED803D83,Obra 'Matecnic - Cedência de Mão de Obra' criada a partir do orçamento ED803D83,
76EA8A8C,15/06/2026,13:27:24,Adriana Pinto,CRIAR_OBRA_ORC,obras_lista.csv,9691399B,Obra 'CriticalFlow - Cedência de Mão de Obra' criada a partir do orçamento 9691399B,
C3C7E9CC,15/06/2026,13:28:04,Admin,ALTERAR_FUNCAO,usuarios.csv,Pablo Mauricio Fernandez,"Tipo=Chefe de Equipa, Cargo=Técnico",
D797E5E6,15/06/2026,13:28:05,Adriana Pinto,CRIAR_OBRA_ORC,obras_lista.csv,1EC13B59,Obra 'EFUELS - Cedência de mão de obra' criada a partir do orçamento 1EC13B59,
FDEF6511,15/06/2026,13:29:48,Adriana Pinto,CRIAR_OBRA_ORC,obras_lista.csv,ED803D83,Obra 'Matecnic - Cedência de Mão de Obra' criada a partir do orçamento ED803D83,
10A7CB74,15/06/2026,13:31:43,Adriana Pinto,CRIAR_OBRA_ORC,obras_lista.csv,9691399B,Obra 'CriticalFlow - Cedência de Mão de Obra' criada a partir do orçamento 9691399B,
D1A2C034,15/06/2026,13:40:50,Admin,ALTERAR_FUNCAO,usuarios.csv,Vitor Dias Graca,"Tipo=Técnico, Cargo=Técnico",
E7244332,15/06/2026,13:41:34,Admin,REDEFINIR_PASSWORD,usuarios.csv,Vitor Dias Graca,Password redefinida pelo Admin,
EBA45932,15/06/2026,13:50:20,Admin,REDEFINIR_PASSWORD,usuarios.csv,Bruno Delfino do Carmo,Password redefinida pelo Admin,
E68AF498,15/06/2026,13:54:41,Admin,ALTERAR_FUNCAO,usuarios.csv,Bruno Delfino do Carmo,"Tipo=Técnico, Cargo=Técnico",
B999ED91,15/06/2026,13:55:01,Admin,REDEFINIR_PASSWORD,usuarios.csv,Bruno Delfino do Carmo,Password redefinida pelo Admin,
AFD447AD,15/06/2026,14:01:17,Admin,ALTERAR_FUNCAO,usuarios.csv,Bruno Delfino do Carmo,"Tipo=Técnico, Cargo=Técnico",
3DB62A09,15/06/2026,14:02:08,Admin,REDEFINIR_PASSWORD,usuarios.csv,Bruno Delfino do Carmo,Password redefinida pelo Admin,
A114784A,15/06/2026,14:02:36,Admin,REDEFINIR_PASSWORD,usuarios.csv,Bruno Delfino do Carmo,Password redefinida pelo Admin,
20956110,15/06/2026,14:06:23,Admin,ALTERAR_FUNCAO,usuarios.csv,Aldair Quade,"Tipo=Técnico, Cargo=Técnico",
29FA0F55,15/06/2026,14:06:59,Admin,REDEFINIR_PASSWORD,usuarios.csv,Aldair Quade,Password redefinida pelo Admin,
B91E84B5,15/06/2026,14:28:06,Adriana Pinto,UPLOAD_ANEXO_ORC,orcamentos.csv,3DC55E2B,Anexo 'Oferta_ 20260108_01 - TCPI Internacional - GALP HVO PLANT.pdf' carregado,
BD273DF6,15/06/2026,14:28:07,Adriana Pinto,CRIAR_ORCAMENTO_ARQUIVO,orcamentos.csv,3DC55E2B,"HVO Galp Sines - Prestação de Serviço | Nº Oferta: 20260108_01 | €1,200,000.00 | 1 anexo(s)",
4E74D06A,15/06/2026,14:42:17,Adriana Pinto,CRIAR_ORCAMENTO_ARQUIVO,orcamentos.csv,B443F461,"Elmek Bilbao - Prestação de Serviços | Nº sn | €14,000.00 | 0 anexo(s)",
AC905591,15/06/2026,14:45:14,Adriana Pinto,CRIAR_ORCAMENTO_ARQUIVO,orcamentos.csv,DC00BE88,"Luminus Cobra EDF | Nº sn | €1,000,000.00 | 0 anexo(s)",
37929B7E,15/06/2026,14:47:35,Adriana Pinto,CRIAR_ORCAMENTO_ARQUIVO,orcamentos.csv,440722B4,"Atlantic Cooper - Prestação de serviço | Nº sn | €1,000,000.00 | 0 anexo(s)",
84D1F98F,15/06/2026,14:50:16,Adriana Pinto,CRIAR_OBRA_ORC,obras_lista.csv,B443F461,Obra 'Elmek Bilbao - Prestação de Serviços' criada a partir do orçamento B443F461,
B5F15BA9,15/06/2026,14:50:49,Adriana Pinto,CRIAR_OBRA_ORC,obras_lista.csv,DC00BE88,Obra 'Luminus Cobra EDF' criada a partir do orçamento DC00BE88,
415BB814,15/06/2026,14:51:35,Adriana Pinto,CRIAR_OBRA_ORC,obras_lista.csv,3DC55E2B,Obra 'HVO Galp - Prestação de Serviço' criada a partir do orçamento 3DC55E2B,
B005A65B,15/06/2026,14:51:36,Marco Santos,CRIAR_CONTACTO,com_contactos.csv,74C83540,dst Group | 📧 Email | Entrada,
E06375CA,15/06/2026,14:58:47,Marco Santos,CRIAR_OPORTUNIDADE,comercial_oportunidades.csv,004CC09D,Pedido Preços_Trabalhos Eletricidade_RiverSide Hotel | DTE | dst Group | €0 | Contacto: 74C83540,
94CEF9C0,15/06/2026,15:29:14,Marco Santos,CRIAR_CONTACTO,com_contactos.csv,DB5C37BB,Luso Finsa – Indústria e Comércio de Madeiras S.A. | 📧 Email | Saída,
C70B3D93,15/06/2026,15:30:16,Marco Santos,CRIAR_CONTACTO,com_contactos.csv,EA3D4E77,Luso Finsa – Indústria e Comércio de Madeiras S.A. | 📧 Email | Saída,
DDAACF40,15/06/2026,15:34:10,Marco Santos,CRIAR_OPORTUNIDADE,comercial_oportunidades.csv,4FFF59F0,Contrato de Manutenção Anual | Luso Finsa – Indústria e Comércio de Madeiras S.A. | €0 | Contacto: EA3D4E77,
DB3229EE,15/06/2026,15:37:51,Marco Santos,UPLOAD_ANEXO_ORC,orcamentos.csv,22B573F3,Anexo 'Tabela Prestação de Serviços Finsa.pdf' carregado,
4E1E0CBA,15/06/2026,15:37:52,Marco Santos,CRIAR_ORCAMENTO_ARQUIVO,orcamentos.csv,22B573F3,Contrato Anual de Manutenção | Nº Oferta: 20260310__rev02 | €0.00 | 1 anexo(s),
B76F0E9E,15/06/2026,15:50:37,Adriana Pinto,CRIAR_OBRA_ORC,obras_lista.csv,22B573F3,Obra 'Lusofinsa - Cedência de mão de obra' criada a partir do orçamento 22B573F3,
675CD9A5,16/06/2026,07:20:56,Hélder Plácido,CRIAR_CONTACTO,com_contactos.csv,A509A9FD,Vertente Abrupta | 📞 Telefone | Entrada,
E35EFBA8,16/06/2026,07:21:11,Hélder Plácido,CRIAR_CONTACTO,com_contactos.csv,9C65A4F4,Vertente Abrupta | 📞 Telefone | Entrada,
560970BA,16/06/2026,07:21:18,Hélder Plácido,CRIAR_CONTACTO,com_contactos.csv,E63A42BF,Vertente Abrupta | 📞 Telefone | Entrada,
2BEB02B6,16/06/2026,07:23:56,Hélder Plácido,CRIAR_OPORTUNIDADE,comercial_oportunidades.csv,786AD2FE,"Skouries Project - Hellas Gold | Vertente Abrupta | €400,000 | Contacto: E63A42BF",
A2579C17,16/06/2026,07:24:20,Hélder Plácido,CRIAR_OPORTUNIDADE,comercial_oportunidades.csv,3634F832,"Skouries Project - Hellas Gold | Vertente Abrupta | €400,000 | Contacto: E63A42BF",
1755F59B,16/06/2026,07:29:27,Hélder Plácido,CRIAR_CONTACTO,com_contactos.csv,C15A29C6,"Control y Montajes Industriales Cymi, S.A. | 📞 Telefone | Entrada",
77884A46,16/06/2026,07:31:55,Hélder Plácido,CRIAR_OPORTUNIDADE,comercial_oportunidades.csv,B561E4D6,"Repsol - Bio combustiveis - Tarragona | Control y Montajes Industriales Cymi, S.A. | €25,000 | Contacto: C15A29C6",
BCA35680,16/06/2026,07:35:44,Hélder Plácido,CRIAR_CONTACTO,com_contactos.csv,24C7B3DA,TCPI France | 📞 Telefone | Entrada,
5594B51D,16/06/2026,07:37:54,Hélder Plácido,CRIAR_OPORTUNIDADE,comercial_oportunidades.csv,3AC26FC7,"Total energies - Refinaria de Grandpouis - Bio Combustiveis | TCPI France | €100,000 | Contacto: 24C7B3DA",
F44CD3E2,16/06/2026,07:41:25,Hélder Plácido,CRIAR_CONTACTO,com_contactos.csv,D33CE3AC,Pasaban SA | 📞 Telefone | Entrada,
66337155,16/06/2026,07:41:28,Hélder Plácido,CRIAR_CONTACTO,com_contactos.csv,85BBE364,Pasaban SA | 📞 Telefone | Entrada,
F729B683,16/06/2026,07:42:58,Diana Plácido,ATUALIZAR_GESTAO_INDIVIDUAL,usuarios.csv,Luis Claudio Teixeira dos Reis,"Campos: PrecoHora, Local_Obra, Cliente_Obra, Tamanho_Camisola, Tamanho_Calca, Tamanho_Botas, Contrato_Gerado, Contrato_Data, Contrato_Enviado, Contrato_Enviado_Data, Contrato_Assinado, Contrato_Assinatura_Data, Contrato_Validado_Admin, Contrato_Validado_Data",
82C60288,16/06/2026,07:43:52,Hélder Plácido,CRIAR_OPORTUNIDADE,comercial_oportunidades.csv,F4244FAB,"Banco de França | Pasaban SA | €50,000 | Contacto: 85BBE364",
A26554B6,16/06/2026,07:47:15,Hélder Plácido,CRIAR_OPORTUNIDADE,comercial_oportunidades.csv,13A30304,"Suécia - Montagem | Pasaban SA | €20,000",
91442CC3,16/06/2026,07:50:10,Hélder Plácido,CRIAR_OPORTUNIDADE,comercial_oportunidades.csv,BE551FA1,"Pasaban - Duplex Alemanha | Pasaban SA | €50,000",
21DF4219,16/06/2026,07:53:49,Hélder Plácido,CRIAR_CONTACTO,com_contactos.csv,6800102F,Gurit Poland SP | 📞 Telefone | Entrada,
55C72F31,16/06/2026,07:55:54,Hélder Plácido,CRIAR_OPORTUNIDADE,comercial_oportunidades.csv,D82CEE24,"Nordex Enerji S.A Project | Gurit Poland SP | €120,000 | Contacto: 6800102F",
22763563,16/06/2026,09:47:35,Adriana Pinto,CRIAR_ORCAMENTO_ARQUIVO,orcamentos.csv,625E4A1D,Gurit Turquia - Prestação de Serviços | Nº sn | €0.00 | 0 anexo(s),
30C129CC,16/06/2026,09:53:39,Adriana Pinto,UPLOAD_ANEXO_ORC,orcamentos.csv,D298ACDA,Anexo 'Contrato_C_20260209_01_Vertente_CPS.pdf' carregado,
A43F50AA,16/06/2026,09:53:40,Adriana Pinto,CRIAR_ORCAMENTO_ARQUIVO,orcamentos.csv,D298ACDA,Hellas Gold Grécia - Prestação de Serviço | Nº sn | €0.00 | 1 anexo(s),
CF3A9316,16/06/2026,09:54:05,Adriana Pinto,UPLOAD_ANEXO_ORC,orcamentos.csv,59DFAE78,Anexo 'Contrato_C_20260209_01_Vertente_CPS.pdf' carregado,
3715A828,16/06/2026,09:54:06,Adriana Pinto,CRIAR_ORCAMENTO_ARQUIVO,orcamentos.csv,59DFAE78,Hellas Gold Grécia - Prestação de Serviço | Nº sn | €0.00 | 1 anexo(s),
0C3B67F2,16/06/2026,09:55:06,Adriana Pinto,CRIAR_OBRA_ORC,obras_lista.csv,59DFAE78,Obra 'Hellas Gold Grécia - Prestação de Serviço' criada a partir do orçamento 59DFAE78,
28C3D157,16/06/2026,09:55:35,Adriana Pinto,CRIAR_OBRA_ORC,obras_lista.csv,625E4A1D,Obra 'Gurit Turquia - Prestação de Serviços' criada a partir do orçamento 625E4A1D,
D5B7EC4A,16/06/2026,09:57:40,Adriana Pinto,UPLOAD_ANEXO_ORC,orcamentos.csv,8E14CBB9,Anexo '13_ANEXO_1_PE1726-0349_CORREIA_PLACIDO___SOUSA_LDA_260520_071859.pdf' carregado,
95BE8856,16/06/2026,09:57:41,Adriana Pinto,CRIAR_ORCAMENTO_ARQUIVO,orcamentos.csv,8E14CBB9,"CYMI Repsol - Prestação de serviço | Nº PE1726-0349 | €20,000.00 | 1 anexo(s)",
18695B3B,16/06/2026,09:57:44,Adriana Pinto,UPLOAD_ANEXO_ORC,orcamentos.csv,7E62457B,Anexo '13_ANEXO_1_PE1726-0349_CORREIA_PLACIDO___SOUSA_LDA_260520_071859.pdf' carregado,
D66D04B2,16/06/2026,09:57:44,Adriana Pinto,CRIAR_ORCAMENTO_ARQUIVO,orcamentos.csv,7E62457B,"CYMI Repsol - Prestação de serviço | Nº PE1726-0349 | €20,000.00 | 1 anexo(s)",
D393C0C0,16/06/2026,09:58:13,Adriana Pinto,CRIAR_OBRA_ORC,obras_lista.csv,7E62457B,Obra 'CYMI Repsol - Prestação de serviço' criada a partir do orçamento 7E62457B,
9C116E13,16/06/2026,10:15:11,Adriana Pinto,UPLOAD_ANEXO_ORC,orcamentos.csv,F61594E8,Anexo 'Oferta_ 20250709_01 - TCPI - Tecnoprojecto Internacional.pdf' carregado,
F0F7860B,16/06/2026,10:15:12,Adriana Pinto,CRIAR_ORCAMENTO_ARQUIVO,orcamentos.csv,F61594E8,"TCPI Paris - Prestação de serviço | Nº Oferta: 20250709_01 | €66,500.00 | 1 anexo(s)",
B0520CED,16/06/2026,11:18:34,Marco Santos,CRIAR_CONTACTO,com_contactos.csv,04E59B36,dst Group | 📧 Email | Entrada,
65DB044F,16/06/2026,11:20:11,Marco Santos,CRIAR_OPORTUNIDADE,comercial_oportunidades.csv,2184BA41,Pedido Preços_Trabalhos Eletricidade_Reab. Escritórios REN | DTE | dst Group | €0 | Contacto: 04E59B36,
38988E04,16/06/2026,11:22:51,Marco Santos,UPLOAD_ANEXO_ORC,orcamentos.csv,87DF9790,Anexo 'Caixa de Entrada - Marco Santos - Outlook.pdf' carregado,
30345C15,16/06/2026,11:22:51,Marco Santos,CRIAR_ORCAMENTO_ARQUIVO,orcamentos.csv,87DF9790,Pedido Preços_Trabalhos Eletricidade_Reab. Escritórios REN | DTE | Nº Pedido Preços_Trabalhos Eletricidade_Reab. Escritórios REN | DTE | €0.00 | 1 anexo(s),
08FA241E,16/06/2026,11:23:08,Marco Santos,UPLOAD_ANEXO_ORC,orcamentos.csv,283E7C6D,Anexo 'Caixa de Entrada - Marco Santos - Outlook.pdf' carregado,
294DB5C6,16/06/2026,11:23:09,Marco Santos,CRIAR_ORCAMENTO_ARQUIVO,orcamentos.csv,283E7C6D,Pedido Preços_Trabalhos Eletricidade_Reab. Escritórios REN | DTE | Nº Pedido Preços_Trabalhos Eletricidade_Reab. Escritórios REN | DTE | €0.00 | 1 anexo(s),
95D2E30B,16/06/2026,11:35:27,Admin,ALTERAR_FUNCAO_CATEGORIA,usuarios.csv,Mauricio Figueiredo,"Funcao=0, Categoria_Operacional=",
5D4AC043,16/06/2026,11:36:22,Admin,ALTERAR_FUNCAO_CATEGORIA,usuarios.csv,Mauricio Figueiredo,"Funcao=Logística, Categoria_Operacional=",
0A945F5C,17/06/2026,08:36:19,Mauricio Figueiredo,APROVAR_REQ_FERRAMENTAS,req_ferramentas.csv,C92790B6,berebequim | Basf,
63252FDE,17/06/2026,08:36:20,Mauricio Figueiredo,APROVAR_REQ_FERRAMENTAS,req_ferramentas.csv,C92790B6,berebequim | Basf,
65BAA419,17/06/2026,08:36:31,Mauricio Figueiredo,APROVAR_REQ_FERRAMENTAS,req_ferramentas.csv,C92790B6,berebequim | Basf,
9D93115C,17/06/2026,08:36:44,Mauricio Figueiredo,APROVAR_REQ_FERRAMENTAS,req_ferramentas.csv,C92790B6,berebequim | Basf,
2D5CB88F,17/06/2026,08:36:59,Mauricio Figueiredo,APROVAR_REQ_FERRAMENTAS,req_ferramentas.csv,C92790B6,berebequim | Basf,
67C15ECC,17/06/2026,08:44:16,Mauricio Figueiredo,APROVAR_REQ_FERRAMENTAS,req_ferramentas.csv,C92790B6,berebequim | Basf,
6894413D,17/06/2026,08:49:46,Mauricio Figueiredo,APROVAR_REQ_FERRAMENTAS,req_ferramentas.csv,C92790B6,berebequim | Basf,
4D0D3FCE,17/06/2026,08:51:52,Admin,APROVAR_REQ_FERRAMENTAS,req_ferramentas.csv,C92790B6,berebequim | Basf,
70F79CEC,17/06/2026,08:52:00,Admin,APROVAR_REQ_FERRAMENTAS,req_ferramentas.csv,0B538579,1 alicate | Sines,
CE19B0FE,17/06/2026,08:52:13,Admin,APROVAR_REQ_FERRAMENTAS,req_ferramentas.csv,C92790B6,berebequim | Basf,
73DFF230,17/06/2026,08:52:19,Admin,APROVAR_REQ_FERRAMENTAS,req_ferramentas.csv,C92790B6,berebequim | Basf,
CABAA05E,17/06/2026,10:38:39,Adriana Pinto,UPLOAD_ANEXO_ORC,orcamentos.csv,1A6CC86A,Anexo 'Contrato CPS Kayros Huelva.pdf' carregado,
918430BC,17/06/2026,10:38:39,Adriana Pinto,CRIAR_ORCAMENTO_ARQUIVO,orcamentos.csv,1A6CC86A,"Atlantic Cooper - Prestação de serviço | Nº Atlantic Cooper | €1,000,000.00 | 1 anexo(s)",
7B5F744E,17/06/2026,10:38:47,Adriana Pinto,UPLOAD_ANEXO_ORC,orcamentos.csv,3626B9E0,Anexo 'Contrato CPS Kayros Huelva.pdf' carregado,
687C2215,17/06/2026,10:38:48,Adriana Pinto,CRIAR_ORCAMENTO_ARQUIVO,orcamentos.csv,3626B9E0,"Atlantic Cooper - Prestação de serviço | Nº sn | €1,000,000.00 | 1 anexo(s)",
E6B345C0,17/06/2026,10:39:11,Adriana Pinto,CRIAR_OBRA_ORC,obras_lista.csv,3626B9E0,Obra 'Atlantic Cooper - Prestação de serviço' criada a partir do orçamento 3626B9E0,
88F71C17,17/06/2026,10:41:04,Adriana Pinto,CRIAR_OBRA_ORC,obras_lista.csv,F61594E8,Obra 'TCPI Paris - Prestação de serviço' criada a partir do orçamento F61594E8,
5DECEB67,17/06/2026,10:48:33,Admin,CRIAR_OBRA_ORC,obras_lista.csv,3626B9E0,Obra 'Atlantic Cooper - Prestação de serviço' criada a partir do orçamento 3626B9E0,
DDCA640F,17/06/2026,11:12:20,Admin,CRIAR_COLABORADOR,usuarios.csv,9C096F39,Criado: Paulo César Silva Dos Santos Gomes (Técnico / Técnico Eletricista),
C2B79809,17/06/2026,11:21:27,Admin,CRIAR_COLABORADOR,usuarios.csv,7E0E4726,Criado: Elizeu José Luís Bumba (Técnico / Serralheiro),
EBE680E5,19/06/2026,13:44:20,Admin,ALTERAR_FUNCAO,usuarios.csv,Vitor Dias Graca,"Tipo=Chefe de Equipa, Cargo=Técnico",
1F692CAE,19/06/2026,13:45:02,Admin,REDEFINIR_PASSWORD,usuarios.csv,Vitor Dias Graca,Password redefinida pelo Admin,
BC4CAD3F,19/06/2026,13:53:01,Admin,REDEFINIR_PASSWORD,usuarios.csv,Alexandre Cristiano Gomes da Silva,Password redefinida pelo Admin,
0D54ACDF,19/06/2026,13:55:56,Admin,REDEFINIR_PASSWORD,usuarios.csv,Alexandre Cristiano Gomes da Silva,Password redefinida pelo Admin,
85D15261,19/06/2026,15:41:08,Admin,DOWNLOAD_ANEXO_ORC,orcamentos.csv,3626B9E0,Anexo 'Contrato CPS Kayros Huelva.pdf' descarregado,
C280FB35,19/06/2026,16:02:48,Diana Plácido,ATUALIZAR_GESTAO_INDIVIDUAL,usuarios.csv,Adriana Pinto,"Campos: CC, CC_Validade, NISS, NIF",
8AF6BF59,19/06/2026,16:03:29,Diana Plácido,GERAR_CONTRATO,usuarios.csv,E02A7FA2,Contrato gerado para Adriana Pinto,
883471AC,19/06/2026,16:54:50,Diana Plácido,GERAR_CONTRATO,usuarios.csv,FAC7F566,Contrato gerado para Mauricio Figueiredo,
919C1DE1,19/06/2026,17:00:31,Diana Plácido,GERAR_CONTRATO,usuarios.csv,D5FBC114,Contrato gerado para Diana Plácido,
22C98393,19/06/2026,17:17:15,Diana Plácido,VALIDAR_CONTRATO,usuarios.csv,FAC7F566,Contrato validado para Mauricio Figueiredo,
FD6016E6,24/06/2026,15:36:28,Marco Santos,CRIAR_CONTACTO,com_contactos.csv,875660F6,Monliz Portugal | 📞 Telefone | Entrada,
816A233F,24/06/2026,15:37:38,Marco Santos,CRIAR_CONTACTO,com_contactos.csv,44136197,Monliz Portugal | 📞 Telefone | Entrada,
EE70C775,24/06/2026,15:40:27,Marco Santos,CRIAR_OPORTUNIDADE,comercial_oportunidades.csv,B2ECB78B,"Contrato Manutenção Anual  | Monliz Portugal | €45,000 | Contacto: 44136197",
6B49E4C5,24/06/2026,15:54:01,Marco Santos,CRIAR_CONTACTO,com_contactos.csv,DEF28C28,Monliz Portugal | 📞 Telefone | Entrada,
81537D7B,24/06/2026,15:54:07,Marco Santos,CRIAR_CONTACTO,com_contactos.csv,B83855D9,Monliz Portugal | 📞 Telefone | Entrada,
27779803,24/06/2026,15:55:35,Marco Santos,CRIAR_OPORTUNIDADE,comercial_oportunidades.csv,B05F98FA,"Monliz | Monliz Portugal | €45,000 | Contacto: B83855D9",
4457EA62,25/06/2026,07:51:12,Ana Carvalho,CRIAR_CONTACTO,com_contactos.csv,441235C3,GRIESEMANN GRUPPEN GER | 📞 Telefone | Entrada,
26078714,25/06/2026,07:51:42,Ana Carvalho,CRIAR_CONTACTO,com_contactos.csv,099D96C9,GRIESEMANN GRUPPEN GER | 📞 Telefone | Entrada,
7D9ABA28,25/06/2026,07:51:54,Ana Carvalho,CRIAR_CONTACTO,com_contactos.csv,D227F198,GRIESEMANN GRUPPEN GER | 📞 Telefone | Entrada,
F076B6F3,25/06/2026,07:52:04,Ana Carvalho,CRIAR_CONTACTO,com_contactos.csv,D5D7CA07,GRIESEMANN GRUPPEN GER | 📞 Telefone | Entrada,
B7CA498C,25/06/2026,07:55:41,Ana Carvalho,CRIAR_OPORTUNIDADE,comercial_oportunidades.csv,DF515293,"00025626 | GRIESEMANN GRUPPEN GER | €5,000 | Contacto: D5D7CA07",
154CAA5F,29/06/2026,15:40:02,Ana Carvalho,DOWNLOAD_ANEXO_ORC,orcamentos.csv,3626B9E0,Anexo 'Contrato CPS Kayros Huelva.pdf' descarregado,
5B2BA5E2,29/06/2026,15:43:18,Ana Carvalho,DOWNLOAD_ANEXO_ORC,orcamentos.csv,22B573F3,Anexo 'Tabela Prestação de Serviços Finsa.pdf' descarregado,
156A4630,12/08/2026,14:54:58,Admin,ATUALIZAR_GESTAO_INDIVIDUAL,usuarios.csv,Ana Teste,"Campos: Telefone, Email, DataNasc",
4B4A458F,21/08/2026,17:22:58,Admin,ALTERAR_FUNCAO_CATEGORIA,usuarios.csv,Hélder Plácido,"Funcao=CEO, Categoria_Operacional=",
12943915,21/08/2026,17:23:46,Admin,ALTERAR_FUNCAO_CATEGORIA,usuarios.csv,Hélder Plácido,"Funcao=CEO, Categoria_Operacional=Interno",
90BA29AC,21/08/2026,17:23:53,Admin,ALTERAR_FUNCAO_CATEGORIA,usuarios.csv,Hélder Plácido,"Funcao=CEO, Categoria_Operacional=Interno",
A6AB5E97,21/08/2026,17:24:13,Admin,ALTERAR_FUNCAO_CATEGORIA,usuarios.csv,Hélder Plácido,"Funcao=CEO, Categoria_Operacional=Interno",
DF6D3BD4,21/08/2026,17:24:31,Admin,ALTERAR_FUNCAO_CATEGORIA,usuarios.csv,Hélder Plácido,"Funcao=CEO, Categoria_Operacional=Interno",
AFF9A82A,21/08/2026,17:25:47,Admin,ALTERAR_FUNCAO_CATEGORIA,usuarios.csv,Hélder Plácido,"Funcao=Logística, Categoria_Operacional=Chefe de Equipa",
B224DA31,21/08/2026,17:32:09,Admin,CONCEDER_ACESSO_OBRA,acessos_obras.csv,4A203DF6,Hélder Plácido | Escritório | Acesso Total | até 31/12/2027,
6653E2ED,01/09/2026,10:30:59,Diana Plácido,VALIDACAO1_HORAS,registos.csv,batch_10,1ª validação de 10 registos,
F7EC227F,01/09/2026,10:31:56,Diana Plácido,VALIDACAO1_HORAS,registos.csv,batch_10,1ª validação de 10 registos,
